transaction_id,merchant,province,subtotal,tax,total,date,category,is_fraud
TXN000001,Clothing F,NS,99.09,14.86,113.95,2024-01-13,Food,0
TXN000002,Restaurant B,NB,46.25,6.94,53.19,2024-02-22,Retail,0
TXN000003,Electronics E,BC,118.77,5.94,124.71,2024-01-17,Food,1
TXN000004,Electronics E,MB,339.55,16.98,356.53,2024-01-14,Other,0
TXN000005,Restaurant B,AB,41.22,2.06,43.28,2024-10-28,Retail,0
TXN000006,Restaurant B,BC,41.22,2.06,43.28,2024-06-23,Food,0
TXN000007,Service Provider C,NS,363.24,54.49,417.73,2024-02-17,Services,0
TXN000008,Service Provider C,MB,137.13,6.86,143.99,2024-05-15,Other,0
TXN000009,Electronics E,NS,31.08,0.0,31.08,2024-07-12,Services,1
TXN000010,Service Provider C,NL,363.24,54.49,417.73,2024-12-26,Retail,1
TXN000011,Restaurant B,NS,31.31,4.7,36.01,2024-07-13,Services,0
TXN000012,Restaurant B,QC,31.22,1.56,32.78,2024-06-30,Services,0
TXN000013,Clothing F,NS,72.99,10.95,83.94,2024-11-07,Food,0
TXN000014,Restaurant B,AB,5.5,0.28,5.78,2024-07-13,Food,0
TXN000015,Clothing F,QC,6.89,0.34,7.23,2024-01-29,Retail,0
TXN000016,Service Provider C,BC,27.81,0.0,27.81,2024-05-17,Food,1
TXN000017,Clothing F,AB,16.19,0.81,17.0,2024-07-21,Other,0
TXN000018,Restaurant B,PE,79.61,11.94,91.55,2024-03-12,Services,0
TXN000019,Clothing F,MB,18.36,0.92,19.28,2024-08-07,Other,0
TXN000020,Service Provider C,NL,10.03,1.5,11.53,2024-03-11,Retail,0
TXN000021,Retail Store A,NS,316.96,47.54,364.5,2024-03-19,Other,0
TXN000022,Electronics E,NS,41.64,6.25,47.89,2024-07-16,Other,0
TXN000023,Electronics E,PE,59.21,8.88,68.09,2024-10-10,Retail,0
TXN000024,Clothing F,NS,9.88,1.48,11.36,2024-12-15,Services,0
TXN000025,Clothing F,QC,28.41,1.42,29.83,2024-02-27,Food,0
TXN000026,Grocery Store D,ON,62.37,8.11,70.48,2024-05-14,Food,0
TXN000027,Electronics E,NS,13.72,2.06,15.78,2024-11-16,Food,0
TXN000028,Restaurant B,QC,85.7,4.29,89.99,2024-03-23,Retail,0
TXN000029,Electronics E,QC,26.56,0.0,26.56,2024-09-07,Services,1
TXN000030,Restaurant B,ON,38.47,5.0,43.47,2024-05-03,Retail,0
TXN000031,Retail Store A,AB,26.52,1.33,27.85,2024-02-05,Food,0
TXN000032,Restaurant B,AB,504.08,25.2,529.28,2024-10-08,Other,0
TXN000033,Restaurant B,SK,53.72,2.69,56.41,2024-12-19,Services,0
TXN000034,Grocery Store D,QC,15.34,0.77,16.11,2024-08-12,Other,0
TXN000035,Retail Store A,NL,146.5,29.3,175.8,2024-04-25,Food,1
TXN000036,Electronics E,NL,12.62,0.38,13.0,2024-01-04,Retail,1
TXN000037,Retail Store A,QC,70.15,3.51,73.66,2024-02-06,Services,0
TXN000038,Clothing F,AB,5.2,0.26,5.46,2024-04-19,Other,0
TXN000039,Restaurant B,AB,11.09,0.55,11.64,2024-07-27,Retail,0
TXN000040,Clothing F,BC,69.15,3.46,72.61,2024-06-30,Other,0
TXN000041,Clothing F,ON,132.44,17.22,149.66,2024-12-10,Retail,0
TXN000042,Retail Store A,BC,67.06,3.35,70.41,2024-06-22,Retail,0
TXN000043,Restaurant B,NL,47.52,7.13,54.65,2024-04-07,Food,0
TXN000044,Grocery Store D,NB,38.04,5.71,43.75,2024-05-22,Retail,0
TXN000045,Grocery Store D,SK,9.26,0.0,9.26,2024-02-20,Food,1
TXN000046,Restaurant B,BC,23.02,1.15,24.17,2024-09-05,Other,0
TXN000047,Retail Store A,NB,31.41,6.24,37.65,2024-07-13,Other,1
TXN000048,Service Provider C,BC,194.13,9.71,203.84,2024-12-22,Other,0
TXN000049,Restaurant B,NL,82.46,12.37,94.83,2024-05-31,Retail,0
TXN000050,Electronics E,SK,6.58,0.33,6.91,2024-02-01,Retail,0
TXN000051,Retail Store A,MB,80.55,4.03,84.58,2024-09-01,Food,0
TXN000052,Retail Store A,SK,34.39,1.72,36.11,2024-02-11,Retail,0
TXN000053,Electronics E,NS,24.23,3.63,27.86,2024-12-11,Other,0
TXN000054,Retail Store A,MB,113.75,5.69,119.44,2024-05-06,Retail,0
TXN000055,Electronics E,NS,188.14,28.22,216.36,2024-08-02,Services,0
TXN000056,Service Provider C,NL,166.92,25.04,191.96,2024-12-08,Food,0
TXN000057,Service Provider C,BC,19.94,1.0,20.94,2024-03-08,Services,0
TXN000058,Grocery Store D,QC,37.67,0.0,37.67,2024-02-07,Food,1
TXN000059,Electronics E,PE,81.25,12.19,93.44,2024-03-08,Retail,0
TXN000060,Restaurant B,QC,176.03,8.8,184.83,2024-05-25,Services,0
TXN000061,Electronics E,SK,30.72,1.54,32.26,2024-01-05,Services,0
TXN000062,Clothing F,NS,43.69,6.55,50.24,2024-03-09,Retail,0
TXN000063,Clothing F,SK,14.47,0.72,15.19,2024-03-20,Food,0
TXN000064,Clothing F,QC,12.99,0.65,13.64,2024-04-14,Services,0
TXN000065,Electronics E,AB,144.75,7.24,151.99,2024-05-08,Retail,0
TXN000066,Retail Store A,BC,277.96,0.0,277.96,2024-05-21,Food,1
TXN000067,Clothing F,PE,50.08,7.51,57.59,2024-03-23,Other,0
TXN000068,Clothing F,ON,50.08,7.51,57.59,2024-02-27,Retail,1
TXN000069,Service Provider C,MB,84.26,4.21,88.47,2024-10-09,Food,0
TXN000070,Retail Store A,PE,25.18,3.78,28.96,2024-07-05,Retail,0
TXN000071,Service Provider C,NL,84.24,12.64,96.88,2024-12-15,Retail,0
TXN000072,Service Provider C,SK,345.73,17.29,363.02,2024-07-27,Food,0
TXN000073,Restaurant B,NB,52.3,7.84,60.14,2024-03-31,Retail,0
TXN000074,Restaurant B,QC,356.94,17.85,374.79,2024-07-29,Food,0
TXN000075,Service Provider C,NB,2.35,0.35,2.7,2024-12-25,Retail,0
TXN000076,Grocery Store D,NL,146.39,21.96,168.35,2024-04-12,Other,0
TXN000077,Service Provider C,PE,60.61,9.09,69.7,2024-04-26,Food,0
TXN000078,Grocery Store D,QC,38.14,1.91,40.05,2024-05-22,Services,0
TXN000079,Service Provider C,SK,60.95,3.05,64.0,2024-07-23,Services,0
TXN000080,Retail Store A,NS,5.03,0.75,5.78,2024-05-13,Services,0
TXN000081,Retail Store A,NS,41.95,6.29,48.24,2024-11-01,Services,0
TXN000082,Grocery Store D,MB,83.81,4.19,88.0,2024-09-18,Food,0
TXN000083,Service Provider C,ON,321.65,41.81,363.46,2024-12-28,Food,0
TXN000084,Service Provider C,BC,29.31,1.47,30.78,2024-02-05,Services,0
TXN000085,Electronics E,QC,20.69,1.03,21.72,2024-12-05,Services,0
TXN000086,Electronics E,PE,29.9,4.49,34.39,2024-12-07,Other,0
TXN000087,Clothing F,PE,163.77,24.57,188.34,2024-10-10,Other,0
TXN000088,Clothing F,BC,81.0,4.05,85.05,2024-12-12,Food,0
TXN000089,Electronics E,MB,28.91,1.45,30.36,2024-06-03,Retail,0
TXN000090,Service Provider C,PE,101.08,15.16,116.24,2024-04-17,Services,0
TXN000091,Grocery Store D,AB,61.34,3.07,64.41,2024-08-14,Other,0
TXN000092,Clothing F,NB,174.58,26.19,200.77,2024-12-03,Services,0
TXN000093,Retail Store A,NL,23.51,3.53,27.04,2024-12-10,Food,0
TXN000094,Restaurant B,ON,36.85,4.79,41.64,2024-01-24,Other,0
TXN000095,Electronics E,NS,34.11,5.12,39.23,2024-08-21,Food,0
TXN000096,Clothing F,BC,9.43,0.47,9.9,2024-09-10,Food,0
TXN000097,Clothing F,ON,77.89,10.13,88.02,2024-02-24,Food,0
TXN000098,Retail Store A,SK,23.51,3.53,27.04,2024-08-25,Other,1
TXN000099,Restaurant B,AB,54.93,2.75,57.68,2024-12-07,Services,0
TXN000100,Grocery Store D,MB,41.2,2.06,43.26,2024-09-15,Other,0
TXN000101,Restaurant B,AB,9.99,0.5,10.49,2024-08-18,Food,0
TXN000102,Clothing F,PE,32.96,4.94,37.9,2024-09-23,Food,0
TXN000103,Service Provider C,AB,36.19,1.81,38.0,2024-02-09,Food,0
TXN000104,Service Provider C,QC,20.85,1.04,21.89,2024-06-12,Retail,0
TXN000105,Restaurant B,NB,44.99,6.75,51.74,2024-04-28,Food,0
TXN000106,Clothing F,NL,88.66,13.3,101.96,2024-02-02,Services,0
TXN000107,Electronics E,AB,525.01,108.82,633.83,2024-07-31,Retail,1
TXN000108,Electronics E,BC,67.32,0.0,67.32,2024-09-01,Services,1
TXN000109,Grocery Store D,BC,74.37,3.72,78.09,2024-10-02,Food,0
TXN000110,Grocery Store D,NL,49.93,7.49,57.42,2024-05-19,Retail,0
TXN000111,Grocery Store D,QC,5.46,0.27,5.73,2024-12-08,Other,0
TXN000112,Clothing F,NB,52.89,7.93,60.82,2024-08-27,Retail,0
TXN000113,Grocery Store D,MB,58.69,2.93,61.62,2024-10-15,Retail,0
TXN000114,Clothing F,BC,1049.31,52.47,1101.78,2024-03-10,Food,0
TXN000115,Retail Store A,PE,43.34,6.5,49.84,2024-07-13,Other,0
TXN000116,Service Provider C,QC,78.4,3.92,82.32,2024-07-13,Other,0
TXN000117,Service Provider C,NS,52.37,4.19,56.56,2024-08-28,Food,1
TXN000118,Clothing F,NS,13.43,0.4,13.83,2024-11-29,Food,1
TXN000119,Retail Store A,MB,215.16,10.76,225.92,2024-03-19,Other,0
TXN000120,Clothing F,NS,134.6,20.19,154.79,2024-10-15,Other,0
TXN000121,Clothing F,PE,141.07,21.16,162.23,2024-07-07,Retail,0
TXN000122,Restaurant B,PE,18.33,2.75,21.08,2024-02-25,Services,0
TXN000123,Electronics E,BC,293.93,14.7,308.63,2024-07-22,Food,0
TXN000124,Retail Store A,MB,10.15,0.51,10.66,2024-12-19,Food,0
TXN000125,Retail Store A,PE,110.41,16.56,126.97,2024-12-16,Retail,0
TXN000126,Electronics E,ON,756.38,98.33,854.71,2024-06-26,Services,0
TXN000127,Retail Store A,SK,16.63,0.83,17.46,2024-11-27,Other,0
TXN000128,Grocery Store D,NS,27.67,4.15,31.82,2024-08-09,Other,0
TXN000129,Clothing F,NB,61.53,9.23,70.76,2024-08-10,Services,0
TXN000130,Electronics E,SK,29.84,1.49,31.33,2024-09-04,Services,0
TXN000131,Service Provider C,NL,8.49,1.27,9.76,2024-02-14,Other,0
TXN000132,Restaurant B,AB,59.28,2.96,62.24,2024-10-18,Other,0
TXN000133,Service Provider C,ON,15.26,1.98,17.24,2024-09-10,Food,0
TXN000134,Grocery Store D,NL,96.38,14.46,110.84,2024-06-30,Services,0
TXN000135,Service Provider C,MB,18.11,0.91,19.02,2024-12-25,Retail,0
TXN000136,Electronics E,NL,350.7,52.6,403.3,2024-02-13,Other,0
TXN000137,Grocery Store D,SK,21.33,1.07,22.4,2024-05-03,Other,0
TXN000138,Grocery Store D,ON,37.1,4.82,41.92,2024-02-17,Other,0
TXN000139,Clothing F,NL,144.93,21.74,166.67,2024-06-05,Services,0
TXN000140,Grocery Store D,SK,12.47,0.62,13.09,2024-09-28,Services,0
TXN000141,Service Provider C,AB,71.73,3.59,75.32,2024-05-18,Food,0
TXN000142,Retail Store A,NL,262.06,39.31,301.37,2024-06-10,Food,0
TXN000143,Restaurant B,NL,7.93,1.19,9.12,2024-09-04,Services,0
TXN000144,Retail Store A,NL,68.14,10.22,78.36,2024-05-31,Food,0
TXN000145,Service Provider C,ON,74.58,9.7,84.28,2024-12-28,Services,0
TXN000146,Retail Store A,ON,139.52,18.14,157.66,2024-10-10,Food,0
TXN000147,Clothing F,AB,12.37,0.62,12.99,2024-02-22,Services,0
TXN000148,Grocery Store D,AB,11.19,0.56,11.75,2024-08-13,Retail,0
TXN000149,Service Provider C,AB,102.14,5.11,107.25,2024-02-28,Other,0
TXN000150,Grocery Store D,NS,77.97,11.7,89.67,2024-10-22,Retail,0
TXN000151,Restaurant B,NB,73.74,11.06,84.8,2024-10-15,Retail,0
TXN000152,Restaurant B,NS,82.74,12.41,95.15,2024-10-12,Food,0
TXN000153,Electronics E,BC,24.14,1.21,25.35,2024-08-18,Services,0
TXN000154,Electronics E,BC,72.15,3.61,75.76,2024-06-05,Retail,0
TXN000155,Electronics E,NS,77.61,11.64,89.25,2024-04-16,Services,0
TXN000156,Clothing F,NS,23.17,3.48,26.65,2024-03-21,Retail,0
TXN000157,Restaurant B,ON,512.31,66.6,578.91,2024-07-28,Other,0
TXN000158,Service Provider C,ON,96.41,12.53,108.94,2024-04-28,Services,0
TXN000159,Clothing F,AB,13.07,0.65,13.72,2024-02-06,Services,0
TXN000160,Clothing F,MB,120.04,6.0,126.04,2024-12-04,Food,0
TXN000161,Grocery Store D,NS,16.95,2.54,19.49,2024-10-05,Food,0
TXN000162,Service Provider C,NB,140.4,0.0,140.4,2024-02-06,Services,1
TXN000163,Grocery Store D,NS,219.27,32.89,252.16,2024-08-27,Other,0
TXN000164,Service Provider C,SK,20.39,1.02,21.41,2024-10-03,Retail,0
TXN000165,Electronics E,ON,173.48,22.55,196.03,2024-08-09,Services,0
TXN000166,Retail Store A,NS,89.6,13.44,103.04,2024-04-27,Retail,0
TXN000167,Electronics E,PE,173.48,22.55,196.03,2024-10-22,Other,1
TXN000168,Service Provider C,NB,531.74,79.76,611.5,2024-10-26,Other,0
TXN000169,Retail Store A,AB,40.67,2.03,42.7,2024-06-27,Services,0
TXN000170,Clothing F,NS,22.1,3.31,25.41,2024-03-23,Other,0
TXN000171,Service Provider C,BC,18.78,1.5,20.28,2024-10-08,Services,1
TXN000172,Service Provider C,NS,20.51,3.08,23.59,2024-07-25,Retail,0
TXN000173,Clothing F,SK,49.77,2.49,52.26,2024-08-24,Food,0
TXN000174,Electronics E,QC,82.22,4.11,86.33,2024-11-14,Other,0
TXN000175,Retail Store A,NL,76.1,11.41,87.51,2024-05-16,Services,0
TXN000176,Service Provider C,AB,20.51,3.08,23.59,2024-03-03,Services,1
TXN000177,Electronics E,ON,55.46,7.21,62.67,2024-10-09,Food,0
TXN000178,Retail Store A,AB,312.39,15.62,328.01,2024-03-01,Food,0
TXN000179,Grocery Store D,PE,39.74,5.96,45.7,2024-09-17,Other,0
TXN000180,Grocery Store D,AB,1428.25,71.41,1499.66,2024-05-04,Food,0
TXN000181,Grocery Store D,NL,115.68,17.35,133.03,2024-11-02,Food,0
TXN000182,Retail Store A,PE,19.52,2.93,22.45,2024-07-31,Services,0
TXN000183,Retail Store A,PE,15.1,2.27,17.37,2024-06-01,Other,0
TXN000184,Restaurant B,AB,97.41,4.87,102.28,2024-10-02,Services,0
TXN000185,Electronics E,SK,41.76,2.09,43.85,2024-07-12,Services,0
TXN000186,Restaurant B,NL,128.61,19.29,147.9,2024-10-19,Other,0
TXN000187,Retail Store A,QC,96.34,4.82,101.16,2024-08-30,Other,0
TXN000188,Grocery Store D,NB,50.03,7.5,57.53,2024-09-10,Food,0
TXN000189,Electronics E,MB,19.76,0.99,20.75,2024-06-18,Other,0
TXN000190,Grocery Store D,SK,50.03,7.5,57.53,2024-08-21,Food,1
TXN000191,Retail Store A,AB,31.95,1.6,33.55,2024-05-15,Other,0
TXN000192,Clothing F,NS,152.58,22.89,175.47,2024-06-17,Other,0
TXN000193,Service Provider C,AB,70.59,2.12,72.71,2024-10-04,Services,1
TXN000194,Restaurant B,NS,12.24,1.84,14.08,2024-08-10,Retail,0
TXN000195,Grocery Store D,NB,67.21,10.08,77.29,2024-12-21,Retail,0
TXN000196,Retail Store A,QC,86.69,4.33,91.02,2024-01-29,Services,0
TXN000197,Grocery Store D,NB,18.9,2.83,21.73,2024-05-05,Food,0
TXN000198,Restaurant B,NB,65.66,9.85,75.51,2024-02-10,Other,0
TXN000199,Electronics E,NL,58.55,8.78,67.33,2024-09-11,Food,0
TXN000200,Restaurant B,AB,13.85,0.69,14.54,2024-11-22,Services,0
TXN000201,Clothing F,ON,83.88,10.9,94.78,2024-08-26,Food,0
TXN000202,Retail Store A,AB,107.01,5.35,112.36,2024-06-25,Services,0
TXN000203,Clothing F,BC,200.27,10.01,210.28,2024-12-19,Services,0
TXN000204,Restaurant B,BC,193.36,9.67,203.03,2024-09-04,Other,0
TXN000205,Electronics E,QC,10.45,0.52,10.97,2024-10-21,Services,0
TXN000206,Retail Store A,BC,17.72,3.54,21.26,2024-05-20,Other,1
TXN000207,Service Provider C,NL,101.3,15.2,116.5,2024-11-06,Food,0
TXN000208,Clothing F,NL,101.14,15.17,116.31,2024-11-13,Food,0
TXN000209,Clothing F,NS,101.3,15.2,116.5,2024-11-17,Services,0
TXN000210,Grocery Store D,ON,5559.58,722.75,6282.33,2024-10-23,Food,0
TXN000211,Retail Store A,PE,108.32,16.25,124.57,2024-06-16,Food,0
TXN000212,Restaurant B,NB,213.3,32.0,245.3,2024-10-03,Services,0
TXN000213,Electronics E,SK,171.54,8.58,180.12,2024-05-19,Services,0
TXN000214,Grocery Store D,PE,119.3,17.89,137.19,2024-06-22,Other,0
TXN000215,Retail Store A,NB,37.4,5.61,43.01,2024-04-25,Other,0
TXN000216,Electronics E,QC,135.74,6.79,142.53,2024-02-16,Retail,0
TXN000217,Service Provider C,SK,21.6,1.08,22.68,2024-03-04,Services,0
TXN000218,Electronics E,BC,41.09,2.05,43.14,2024-11-22,Retail,0
TXN000219,Clothing F,NL,30.5,0.0,30.5,2024-08-29,Food,1
TXN000220,Clothing F,NS,60.23,9.03,69.26,2024-11-21,Services,0
TXN000221,Clothing F,BC,877.95,43.9,921.85,2024-02-29,Retail,0
TXN000222,Service Provider C,AB,5.81,0.29,6.1,2024-02-29,Food,0
TXN000223,Grocery Store D,AB,124.4,6.22,130.62,2024-07-08,Other,0
TXN000224,Electronics E,NB,7.88,1.18,9.06,2024-07-31,Other,0
TXN000225,Electronics E,BC,30.99,0.0,30.99,2024-05-23,Food,1
TXN000226,Grocery Store D,AB,201.69,10.08,211.77,2024-04-30,Retail,0
TXN000227,Clothing F,QC,58.98,2.95,61.93,2024-10-05,Services,0
TXN000228,Retail Store A,BC,14.98,0.75,15.73,2024-05-21,Retail,0
TXN000229,Grocery Store D,NS,23.14,3.47,26.61,2024-12-05,Retail,0
TXN000230,Retail Store A,QC,123.41,6.17,129.58,2024-05-04,Food,0
TXN000231,Retail Store A,SK,22.73,1.14,23.87,2024-04-16,Food,0
TXN000232,Retail Store A,NB,14.98,0.75,15.73,2024-11-01,Services,1
TXN000233,Restaurant B,NS,57.67,8.65,66.32,2024-12-04,Food,0
TXN000234,Retail Store A,QC,24.98,1.25,26.23,2024-05-01,Retail,0
TXN000235,Restaurant B,PE,715.32,107.3,822.62,2024-01-27,Other,0
TXN000236,Electronics E,NS,116.83,17.52,134.35,2024-02-02,Services,0
TXN000237,Electronics E,MB,4.81,0.24,5.05,2024-02-25,Food,0
TXN000238,Electronics E,ON,68.29,8.88,77.17,2024-12-03,Other,0
TXN000239,Clothing F,ON,24.68,3.21,27.89,2024-02-01,Other,0
TXN000240,Grocery Store D,NS,151.85,22.78,174.63,2024-09-08,Other,0
TXN000241,Retail Store A,NS,21.09,3.16,24.25,2024-06-13,Retail,0
TXN000242,Restaurant B,PE,47.58,7.14,54.72,2024-11-15,Services,0
TXN000243,Grocery Store D,MB,100.08,5.0,105.08,2024-09-28,Other,0
TXN000244,Retail Store A,NS,154.3,23.14,177.44,2024-12-01,Food,0
TXN000245,Grocery Store D,AB,12.93,0.65,13.58,2024-04-26,Other,0
TXN000246,Grocery Store D,BC,36.55,1.83,38.38,2024-02-18,Services,0
TXN000247,Clothing F,PE,30.88,4.63,35.51,2024-07-10,Other,0
TXN000248,Retail Store A,NS,24.93,3.74,28.67,2024-02-13,Retail,0
TXN000249,Clothing F,QC,454.2,22.71,476.91,2024-03-07,Services,0
TXN000250,Clothing F,NS,88.76,13.31,102.07,2024-07-29,Other,0
TXN000251,Clothing F,ON,12.02,1.56,13.58,2024-05-27,Services,0
TXN000252,Retail Store A,MB,164.26,8.21,172.47,2024-09-16,Other,0
TXN000253,Restaurant B,NS,696.86,104.53,801.39,2024-06-28,Services,0
TXN000254,Retail Store A,PE,188.47,28.27,216.74,2024-10-20,Other,0
TXN000255,Electronics E,MB,8.82,0.44,9.26,2024-11-10,Retail,0
TXN000256,Electronics E,PE,30.54,4.58,35.12,2024-01-15,Services,0
TXN000257,Service Provider C,QC,249.71,12.49,262.2,2024-01-04,Food,0
TXN000258,Electronics E,BC,23.35,1.17,24.52,2024-02-05,Retail,0
TXN000259,Retail Store A,SK,93.0,4.65,97.65,2024-04-20,Other,0
TXN000260,Service Provider C,NB,138.32,20.75,159.07,2024-07-08,Services,0
TXN000261,Electronics E,MB,17.95,0.9,18.85,2024-02-13,Food,0
TXN000262,Restaurant B,MB,50.83,2.54,53.37,2024-01-26,Services,0
TXN000263,Grocery Store D,BC,1.12,0.06,1.18,2024-09-05,Other,0
TXN000264,Service Provider C,NL,15.97,2.4,18.37,2024-09-19,Other,0
TXN000265,Retail Store A,PE,40.32,6.05,46.37,2024-12-13,Other,0
TXN000266,Electronics E,PE,12.21,1.83,14.04,2024-01-24,Retail,0
TXN000267,Retail Store A,NL,387.18,58.08,445.26,2024-06-03,Food,0
TXN000268,Service Provider C,PE,9.81,1.47,11.28,2024-06-16,Other,0
TXN000269,Clothing F,BC,32.2,1.61,33.81,2024-03-30,Food,0
TXN000270,Electronics E,SK,63.87,3.19,67.06,2024-12-08,Retail,0
TXN000271,Grocery Store D,ON,307.82,24.63,332.45,2024-08-11,Other,1
TXN000272,Electronics E,BC,9.75,0.49,10.24,2024-12-29,Services,0
TXN000273,Retail Store A,BC,220.48,11.02,231.5,2024-01-11,Food,0
TXN000274,Electronics E,AB,55.27,2.76,58.03,2024-12-19,Retail,0
TXN000275,Grocery Store D,NS,16.81,2.52,19.33,2024-05-04,Other,0
TXN000276,Electronics E,NS,95.06,14.26,109.32,2024-07-21,Services,0
TXN000277,Restaurant B,QC,69.33,13.87,83.2,2024-03-27,Food,1
TXN000278,Service Provider C,QC,26.57,1.33,27.9,2024-11-26,Food,0
TXN000279,Retail Store A,NB,59.37,8.91,68.28,2024-05-11,Food,0
TXN000280,Clothing F,NS,34.39,5.16,39.55,2024-03-31,Other,0
TXN000281,Grocery Store D,MB,62.57,3.13,65.7,2024-10-23,Services,0
TXN000282,Clothing F,QC,120.85,6.04,126.89,2024-03-18,Other,0
TXN000283,Grocery Store D,PE,366.21,54.93,421.14,2024-05-20,Services,0
TXN000284,Electronics E,NS,12.36,1.85,14.21,2024-06-07,Retail,0
TXN000285,Retail Store A,QC,706.02,141.2,847.22,2024-05-26,Other,1
TXN000286,Grocery Store D,MB,5.25,0.26,5.51,2024-10-10,Retail,0
TXN000287,Grocery Store D,MB,45.51,2.28,47.79,2024-11-29,Other,0
TXN000288,Electronics E,NB,110.61,16.59,127.2,2024-02-01,Services,0
TXN000289,Clothing F,NS,76.49,11.47,87.96,2024-09-15,Retail,0
TXN000290,Restaurant B,AB,25.86,1.29,27.15,2024-08-12,Food,0
TXN000291,Service Provider C,QC,42.53,2.13,44.66,2024-05-24,Services,0
TXN000292,Clothing F,MB,30.22,1.51,31.73,2024-01-27,Services,0
TXN000293,Retail Store A,QC,26.92,1.35,28.27,2024-02-18,Other,0
TXN000294,Service Provider C,PE,151.34,22.7,174.04,2024-12-02,Food,0
TXN000295,Service Provider C,NS,83.8,12.57,96.37,2024-10-25,Services,0
TXN000296,Service Provider C,BC,23.77,1.19,24.96,2024-03-07,Retail,0
TXN000297,Service Provider C,SK,160.7,8.04,168.74,2024-07-11,Services,0
TXN000298,Restaurant B,SK,78.95,3.95,82.9,2024-02-17,Other,0
TXN000299,Electronics E,QC,144.81,7.24,152.05,2024-01-10,Food,0
TXN000300,Restaurant B,QC,116.23,5.81,122.04,2024-09-05,Food,0
TXN000301,Restaurant B,NS,20.19,3.03,23.22,2024-05-31,Retail,0
TXN000302,Electronics E,SK,27.88,0.0,27.88,2024-09-26,Food,1
TXN000303,Electronics E,BC,133.85,6.69,140.54,2024-03-19,Food,0
TXN000304,Clothing F,AB,113.57,5.68,119.25,2024-01-23,Food,0
TXN000305,Grocery Store D,MB,53.25,2.66,55.91,2024-05-25,Other,0
TXN000306,Restaurant B,SK,62.85,3.14,65.99,2024-05-02,Other,0
TXN000307,Restaurant B,QC,252.95,12.65,265.6,2024-12-13,Other,0
TXN000308,Grocery Store D,PE,26.85,4.03,30.88,2024-07-14,Other,0
TXN000309,Restaurant B,NL,105.27,15.79,121.06,2024-11-05,Services,0
TXN000310,Retail Store A,AB,42.84,2.14,44.98,2024-07-09,Retail,0
TXN000311,Clothing F,SK,42.05,2.1,44.15,2024-03-04,Food,0
TXN000312,Service Provider C,AB,204.08,10.2,214.28,2024-09-19,Other,0
TXN000313,Retail Store A,NL,147.01,22.05,169.06,2024-08-18,Retail,0
TXN000314,Grocery Store D,ON,144.92,18.84,163.76,2024-07-21,Food,0
TXN000315,Grocery Store D,NS,261.54,39.23,300.77,2024-07-10,Services,0
TXN000316,Retail Store A,QC,55.99,2.8,58.79,2024-03-15,Services,0
TXN000317,Grocery Store D,NB,123.76,18.56,142.32,2024-12-27,Retail,0
TXN000318,Retail Store A,ON,37.63,4.89,42.52,2024-05-11,Food,0
TXN000319,Electronics E,MB,80.56,4.03,84.59,2024-09-27,Services,0
TXN000320,Restaurant B,PE,46.7,10.49,57.19,2024-03-03,Other,1
TXN000321,Retail Store A,NS,61.34,9.2,70.54,2024-09-12,Retail,0
TXN000322,Clothing F,SK,111.52,5.58,117.1,2024-10-21,Food,0
TXN000323,Service Provider C,BC,20.45,1.02,21.47,2024-01-01,Food,0
TXN000324,Electronics E,BC,672.41,33.62,706.03,2024-04-05,Retail,0
TXN000325,Electronics E,QC,16.33,0.82,17.15,2024-02-04,Retail,0
TXN000326,Grocery Store D,AB,12.72,0.64,13.36,2024-01-23,Services,0
TXN000327,Service Provider C,ON,219.14,28.49,247.63,2024-07-01,Services,0
TXN000328,Restaurant B,NS,141.17,21.18,162.35,2024-10-24,Services,0
TXN000329,Restaurant B,ON,115.46,15.01,130.47,2024-06-29,Food,0
TXN000330,Clothing F,AB,116.05,5.8,121.85,2024-12-22,Food,0
TXN000331,Grocery Store D,NS,12.72,0.64,13.36,2024-08-22,Food,1
TXN000332,Retail Store A,QC,18.6,0.93,19.53,2024-06-07,Other,0
TXN000333,Service Provider C,ON,59.8,7.77,67.57,2024-11-27,Services,0
TXN000334,Retail Store A,QC,24.23,1.21,25.44,2024-05-19,Services,0
TXN000335,Grocery Store D,BC,175.94,8.8,184.74,2024-08-13,Other,0
TXN000336,Service Provider C,NB,45.77,6.87,52.64,2024-09-11,Services,0
TXN000337,Electronics E,PE,20.28,3.04,23.32,2024-02-12,Retail,0
TXN000338,Grocery Store D,MB,37.13,1.86,38.99,2024-04-02,Services,0
TXN000339,Retail Store A,NS,89.61,13.44,103.05,2024-06-16,Services,0
TXN000340,Grocery Store D,MB,27.76,1.39,29.15,2024-08-06,Other,0
TXN000341,Service Provider C,AB,20.36,1.02,21.38,2024-01-22,Services,0
TXN000342,Electronics E,BC,73.14,3.66,76.8,2024-05-20,Retail,0
TXN000343,Retail Store A,BC,73.26,3.66,76.92,2024-07-05,Food,0
TXN000344,Retail Store A,NB,29.72,4.46,34.18,2024-11-07,Other,0
TXN000345,Retail Store A,NB,31.02,4.65,35.67,2024-02-04,Services,0
TXN000346,Retail Store A,BC,29.72,4.46,34.18,2024-10-17,Services,1
TXN000347,Service Provider C,AB,9.61,0.48,10.09,2024-02-09,Services,0
TXN000348,Grocery Store D,QC,10.08,0.5,10.58,2024-11-28,Retail,0
TXN000349,Retail Store A,NB,23.05,3.46,26.51,2024-09-12,Retail,0
TXN000350,Service Provider C,PE,42.26,6.34,48.6,2024-12-26,Services,0
TXN000351,Clothing F,AB,79.29,3.96,83.25,2024-04-12,Retail,0
TXN000352,Grocery Store D,NB,320.67,48.1,368.77,2024-12-31,Retail,0
TXN000353,Clothing F,QC,152.81,7.64,160.45,2024-12-07,Retail,0
TXN000354,Electronics E,SK,45.06,2.25,47.31,2024-05-28,Food,0
TXN000355,Clothing F,NB,53.37,8.01,61.38,2024-07-04,Retail,0
TXN000356,Restaurant B,NB,16.39,2.46,18.85,2024-05-01,Retail,0
TXN000357,Service Provider C,SK,53.4,2.67,56.07,2024-10-20,Food,0
TXN000358,Electronics E,NS,38.61,5.79,44.4,2024-02-03,Other,0
TXN000359,Electronics E,BC,80.42,4.02,84.44,2024-07-28,Retail,0
TXN000360,Restaurant B,QC,20.23,4.6,24.83,2024-11-24,Services,1
TXN000361,Restaurant B,SK,101.82,5.09,106.91,2024-11-23,Food,0
TXN000362,Grocery Store D,SK,343.53,17.18,360.71,2024-01-29,Food,0
TXN000363,Service Provider C,NB,47.92,7.19,55.11,2024-03-23,Food,0
TXN000364,Service Provider C,SK,88.42,4.42,92.84,2024-05-25,Services,0
TXN000365,Restaurant B,SK,124.98,6.25,131.23,2024-05-20,Services,0
TXN000366,Electronics E,SK,33.73,1.69,35.42,2024-02-17,Food,0
TXN000367,Electronics E,MB,71.44,3.57,75.01,2024-03-19,Services,0
TXN000368,Electronics E,ON,55.43,7.21,62.64,2024-01-15,Services,0
TXN000369,Clothing F,NL,61.39,9.21,70.6,2024-10-19,Retail,0
TXN000370,Grocery Store D,SK,21.59,1.08,22.67,2024-05-28,Services,0
TXN000371,Grocery Store D,NL,56.23,8.43,64.66,2024-12-16,Other,0
TXN000372,Retail Store A,ON,99.25,12.9,112.15,2024-03-21,Other,0
TXN000373,Grocery Store D,NL,311.49,46.72,358.21,2024-06-23,Services,0
TXN000374,Clothing F,QC,172.63,8.63,181.26,2024-06-25,Food,0
TXN000375,Service Provider C,SK,723.3,36.16,759.46,2024-10-14,Food,0
TXN000376,Grocery Store D,NS,21.74,3.26,25.0,2024-05-16,Food,0
TXN000377,Retail Store A,ON,155.52,20.22,175.74,2024-05-28,Other,0
TXN000378,Restaurant B,NB,68.03,10.2,78.23,2024-06-16,Services,0
TXN000379,Restaurant B,NB,755.79,113.37,869.16,2024-09-12,Other,0
TXN000380,Grocery Store D,PE,20.7,4.46,25.16,2024-09-11,Food,1
TXN000381,Restaurant B,MB,19.93,0.0,19.93,2024-06-29,Other,1
TXN000382,Electronics E,AB,26.6,1.33,27.93,2024-05-26,Retail,0
TXN000383,Grocery Store D,NB,4.27,0.64,4.91,2024-05-15,Other,0
TXN000384,Restaurant B,ON,19.93,0.0,19.93,2024-07-24,Services,1
TXN000385,Retail Store A,BC,21.96,1.1,23.06,2024-09-15,Services,0
TXN000386,Electronics E,MB,65.4,3.27,68.67,2024-03-01,Retail,0
TXN000387,Grocery Store D,QC,82.28,4.11,86.39,2024-06-22,Services,0
TXN000388,Restaurant B,NL,518.74,77.81,596.55,2024-11-04,Retail,0
TXN000389,Retail Store A,ON,170.8,22.2,193.0,2024-03-11,Other,0
TXN000390,Electronics E,AB,27.32,1.37,28.69,2024-03-17,Food,0
TXN000391,Service Provider C,MB,18.58,0.93,19.51,2024-06-12,Services,0
TXN000392,Electronics E,QC,98.52,4.93,103.45,2024-09-16,Other,0
TXN000393,Clothing F,MB,11.2,0.56,11.76,2024-06-02,Retail,0
TXN000394,Service Provider C,QC,491.64,24.58,516.22,2024-12-10,Other,0
TXN000395,Electronics E,PE,224.83,33.72,258.55,2024-12-18,Other,0
TXN000396,Service Provider C,MB,31.09,1.55,32.64,2024-10-22,Retail,0
TXN000397,Electronics E,AB,6.99,0.35,7.34,2024-03-28,Other,0
TXN000398,Restaurant B,NL,277.17,41.58,318.75,2024-01-17,Retail,0
TXN000399,Restaurant B,ON,47.59,6.19,53.78,2024-08-13,Food,0
TXN000400,Grocery Store D,NL,241.14,36.17,277.31,2024-07-29,Other,0
TXN000401,Clothing F,ON,8.06,1.05,9.11,2024-12-27,Food,0
TXN000402,Electronics E,QC,26.6,1.33,27.93,2024-12-05,Other,0
TXN000403,Service Provider C,NB,54.94,8.24,63.18,2024-08-23,Services,0
TXN000404,Electronics E,QC,57.76,2.89,60.65,2024-12-12,Services,0
TXN000405,Electronics E,AB,31.81,1.59,33.4,2024-04-08,Services,0
TXN000406,Electronics E,PE,115.29,17.29,132.58,2024-04-25,Services,0
TXN000407,Service Provider C,NL,15.16,2.27,17.43,2024-12-19,Services,0
TXN000408,Grocery Store D,QC,46.02,2.3,48.32,2024-10-13,Services,0
TXN000409,Service Provider C,NS,63.08,9.46,72.54,2024-10-20,Other,0
TXN000410,Grocery Store D,QC,101.22,5.06,106.28,2024-03-15,Services,0
TXN000411,Clothing F,NS,128.24,19.24,147.48,2024-06-26,Services,0
TXN000412,Clothing F,AB,14.16,0.71,14.87,2024-04-19,Services,0
TXN000413,Electronics E,PE,8.66,1.3,9.96,2024-03-11,Food,0
TXN000414,Restaurant B,ON,252.96,32.88,285.84,2024-12-08,Food,0
TXN000415,Clothing F,NL,81.35,12.2,93.55,2024-01-27,Services,0
TXN000416,Clothing F,AB,22.24,1.11,23.35,2024-02-21,Food,0
TXN000417,Retail Store A,SK,351.21,17.56,368.77,2024-03-21,Other,0
TXN000418,Grocery Store D,NL,62.73,9.41,72.14,2024-05-27,Retail,0
TXN000419,Retail Store A,MB,224.79,11.24,236.03,2024-04-28,Retail,0
TXN000420,Restaurant B,BC,59.21,2.96,62.17,2024-03-31,Retail,0
TXN000421,Grocery Store D,AB,647.36,32.37,679.73,2024-04-05,Services,0
TXN000422,Retail Store A,ON,448.72,58.33,507.05,2024-06-01,Retail,0
TXN000423,Service Provider C,PE,40.5,6.08,46.58,2024-08-20,Other,0
TXN000424,Restaurant B,SK,175.19,8.76,183.95,2024-08-27,Retail,0
TXN000425,Service Provider C,NB,118.45,17.77,136.22,2024-08-22,Food,0
TXN000426,Retail Store A,QC,282.13,14.11,296.24,2024-05-31,Food,0
TXN000427,Restaurant B,MB,17.15,0.86,18.01,2024-11-23,Other,0
TXN000428,Electronics E,QC,124.37,6.22,130.59,2024-02-14,Retail,0
TXN000429,Restaurant B,NB,194.44,29.17,223.61,2024-09-01,Food,0
TXN000430,Retail Store A,PE,6.62,0.99,7.61,2024-07-15,Services,0
TXN000431,Service Provider C,PE,13.2,1.98,15.18,2024-10-25,Retail,0
TXN000432,Service Provider C,QC,4.73,0.24,4.97,2024-12-20,Retail,0
TXN000433,Grocery Store D,PE,39.52,5.93,45.45,2024-03-22,Services,0
TXN000434,Clothing F,NS,129.16,19.37,148.53,2024-11-23,Services,0
TXN000435,Service Provider C,MB,331.24,16.56,347.8,2024-04-23,Food,0
TXN000436,Grocery Store D,NB,59.68,8.95,68.63,2024-08-20,Services,0
TXN000437,Grocery Store D,SK,385.42,19.27,404.69,2024-08-29,Food,0
TXN000438,Restaurant B,MB,10.42,0.52,10.94,2024-02-11,Services,0
TXN000439,Restaurant B,MB,10.42,0.52,10.94,2024-02-27,Food,1
TXN000440,Restaurant B,QC,51.08,2.55,53.63,2024-09-23,Food,0
TXN000441,Clothing F,MB,86.56,4.33,90.89,2024-09-07,Other,0
TXN000442,Retail Store A,AB,52.5,2.62,55.12,2024-03-08,Other,0
TXN000443,Electronics E,ON,4.57,0.59,5.16,2024-10-13,Services,0
TXN000444,Clothing F,ON,49.06,6.38,55.44,2024-07-21,Retail,0
TXN000445,Clothing F,NL,11.41,2.33,13.74,2024-10-23,Retail,1
TXN000446,Electronics E,ON,121.95,15.85,137.8,2024-02-05,Other,0
TXN000447,Retail Store A,PE,84.77,12.72,97.49,2024-07-28,Food,0
TXN000448,Clothing F,BC,17.67,0.88,18.55,2024-07-10,Other,0
TXN000449,Grocery Store D,BC,29.47,1.47,30.94,2024-07-11,Food,0
TXN000450,Clothing F,QC,15.32,0.77,16.09,2024-03-01,Other,0
TXN000451,Electronics E,NB,50.64,7.6,58.24,2024-04-24,Retail,0
TXN000452,Service Provider C,AB,171.77,8.59,180.36,2024-12-10,Other,0
TXN000453,Electronics E,BC,16.73,0.84,17.57,2024-04-27,Services,0
TXN000454,Restaurant B,PE,99.97,15.0,114.97,2024-04-06,Retail,0
TXN000455,Retail Store A,BC,28.9,1.45,30.35,2024-11-10,Retail,0
TXN000456,Restaurant B,NL,21.08,3.16,24.24,2024-02-04,Retail,0
TXN000457,Grocery Store D,MB,48.02,2.4,50.42,2024-12-10,Retail,0
TXN000458,Restaurant B,ON,15.76,2.05,17.81,2024-07-24,Food,0
TXN000459,Retail Store A,NB,28.1,4.21,32.31,2024-09-14,Food,0
TXN000460,Clothing F,MB,12.97,0.65,13.62,2024-06-12,Services,0
TXN000461,Restaurant B,PE,576.9,86.53,663.43,2024-03-14,Food,0
TXN000462,Clothing F,PE,12.97,0.65,13.62,2024-05-20,Other,1
TXN000463,Retail Store A,QC,23.58,1.18,24.76,2024-11-25,Services,0
TXN000464,Clothing F,BC,70.58,3.53,74.11,2024-07-28,Other,0
TXN000465,Restaurant B,SK,47.71,2.39,50.1,2024-08-30,Food,0
TXN000466,Service Provider C,NB,41.88,6.28,48.16,2024-08-25,Other,0
TXN000467,Grocery Store D,SK,114.09,5.7,119.79,2024-09-28,Food,0
TXN000468,Service Provider C,NL,135.51,20.33,155.84,2024-06-18,Other,0
TXN000469,Service Provider C,NS,28.89,4.33,33.22,2024-10-01,Food,0
TXN000470,Retail Store A,PE,27.36,4.1,31.46,2024-07-12,Retail,0
TXN000471,Retail Store A,NL,39.25,5.89,45.14,2024-10-27,Food,0
TXN000472,Grocery Store D,NL,3.45,0.52,3.97,2024-06-19,Retail,0
TXN000473,Restaurant B,NL,8.86,1.33,10.19,2024-03-01,Other,0
TXN000474,Restaurant B,MB,281.53,14.08,295.61,2024-12-26,Food,0
TXN000475,Electronics E,QC,393.06,19.65,412.71,2024-05-24,Services,0
TXN000476,Service Provider C,PE,40.49,6.07,46.56,2024-07-03,Other,0
TXN000477,Grocery Store D,NS,109.06,16.36,125.42,2024-08-28,Services,0
TXN000478,Restaurant B,QC,79.32,3.97,83.29,2024-06-09,Food,0
TXN000479,Clothing F,NB,2196.58,329.49,2526.07,2024-01-09,Other,0
TXN000480,Service Provider C,NB,209.24,31.39,240.63,2024-04-10,Other,0
TXN000481,Electronics E,NL,46.83,7.02,53.85,2024-09-12,Services,0
TXN000482,Service Provider C,AB,17.35,0.87,18.22,2024-11-24,Other,0
TXN000483,Restaurant B,QC,7.94,0.4,8.34,2024-03-27,Other,0
TXN000484,Restaurant B,SK,69.7,3.48,73.18,2024-11-24,Retail,0
TXN000485,Retail Store A,ON,22.03,2.86,24.89,2024-01-04,Food,0
TXN000486,Retail Store A,NB,9.91,1.49,11.4,2024-01-05,Other,0
TXN000487,Service Provider C,ON,25.13,3.27,28.4,2024-11-12,Other,0
TXN000488,Clothing F,AB,14.91,2.7,17.61,2024-01-09,Services,1
TXN000489,Electronics E,PE,413.46,62.02,475.48,2024-01-09,Other,0
TXN000490,Restaurant B,NS,157.27,23.59,180.86,2024-02-19,Food,0
TXN000491,Restaurant B,MB,54.08,2.7,56.78,2024-09-26,Services,0
TXN000492,Service Provider C,BC,322.45,16.12,338.57,2024-02-10,Other,0
TXN000493,Grocery Store D,MB,59.91,3.0,62.91,2024-05-04,Food,0
TXN000494,Service Provider C,NS,19.42,2.91,22.33,2024-11-30,Retail,0
TXN000495,Retail Store A,BC,339.59,16.98,356.57,2024-07-13,Other,0
TXN000496,Retail Store A,ON,104.24,13.55,117.79,2024-12-25,Other,0
TXN000497,Grocery Store D,QC,15.73,0.79,16.52,2024-10-16,Retail,0
TXN000498,Electronics E,ON,43.45,5.65,49.1,2024-04-27,Other,0
TXN000499,Service Provider C,ON,19.09,2.48,21.57,2024-02-08,Services,0
TXN000500,Electronics E,MB,10.39,0.0,10.39,2024-12-02,Retail,1
TXN000501,Restaurant B,MB,165.9,8.29,174.19,2024-03-14,Other,0
TXN000502,Retail Store A,PE,539.85,80.98,620.83,2024-03-24,Other,0
TXN000503,Clothing F,SK,10.19,0.51,10.7,2024-06-18,Food,0
TXN000504,Clothing F,NS,107.29,16.09,123.38,2024-09-13,Services,0
TXN000505,Retail Store A,NS,25.01,3.75,28.76,2024-08-11,Retail,0
TXN000506,Service Provider C,MB,30.43,1.52,31.95,2024-11-10,Other,0
TXN000507,Service Provider C,ON,26.82,3.49,30.31,2024-11-20,Other,0
TXN000508,Grocery Store D,NL,19.36,2.9,22.26,2024-07-01,Other,0
TXN000509,Grocery Store D,NB,57.87,8.68,66.55,2024-12-14,Other,0
TXN000510,Retail Store A,MB,20.14,1.01,21.15,2024-05-31,Retail,0
TXN000511,Retail Store A,PE,75.53,11.33,86.86,2024-03-19,Food,0
TXN000512,Clothing F,BC,51.4,2.57,53.97,2024-06-11,Retail,0
TXN000513,Retail Store A,PE,40.99,6.15,47.14,2024-08-15,Services,0
TXN000514,Retail Store A,NB,18.37,2.76,21.13,2024-02-14,Other,0
TXN000515,Electronics E,SK,27.33,1.37,28.7,2024-09-19,Retail,0
TXN000516,Retail Store A,QC,135.16,6.76,141.92,2024-10-10,Services,0
TXN000517,Grocery Store D,ON,99.59,12.95,112.54,2024-05-29,Retail,0
TXN000518,Clothing F,SK,16.89,0.84,17.73,2024-05-04,Food,0
TXN000519,Clothing F,BC,61.51,3.08,64.59,2024-03-27,Services,0
TXN000520,Service Provider C,AB,134.51,26.81,161.32,2024-03-15,Services,1
TXN000521,Grocery Store D,NS,7.36,1.1,8.46,2024-07-03,Food,0
TXN000522,Clothing F,AB,104.8,5.24,110.04,2024-10-31,Other,0
TXN000523,Retail Store A,NB,24.65,5.01,29.66,2024-06-04,Other,1
TXN000524,Service Provider C,AB,108.28,5.41,113.69,2024-06-20,Food,0
TXN000525,Service Provider C,QC,21.85,1.09,22.94,2024-11-04,Food,0
TXN000526,Grocery Store D,QC,6.26,0.31,6.57,2024-03-31,Services,0
TXN000527,Service Provider C,AB,7.74,0.39,8.13,2024-10-21,Services,0
TXN000528,Grocery Store D,PE,57.84,8.68,66.52,2024-07-20,Food,0
TXN000529,Electronics E,SK,74.56,3.73,78.29,2024-04-02,Retail,0
TXN000530,Clothing F,AB,18.45,0.92,19.37,2024-12-28,Services,0
TXN000531,Clothing F,NS,117.49,17.62,135.11,2024-07-28,Food,0
TXN000532,Clothing F,PE,7.43,1.11,8.54,2024-05-03,Food,0
TXN000533,Clothing F,BC,50.44,11.13,61.57,2024-07-12,Other,1
TXN000534,Electronics E,ON,12.77,1.66,14.43,2024-07-03,Retail,0
TXN000535,Retail Store A,NL,24.97,3.75,28.72,2024-12-02,Food,0
TXN000536,Clothing F,MB,57.79,2.89,60.68,2024-01-23,Other,0
TXN000537,Service Provider C,BC,19.44,0.0,19.44,2024-02-24,Food,1
TXN000538,Electronics E,SK,34.42,1.72,36.14,2024-10-12,Food,0
TXN000539,Grocery Store D,QC,182.65,9.13,191.78,2024-07-19,Food,0
TXN000540,Service Provider C,ON,27.32,3.55,30.87,2024-09-04,Other,0
TXN000541,Retail Store A,NS,148.83,22.32,171.15,2024-03-13,Services,0
TXN000542,Grocery Store D,NL,14.07,2.11,16.18,2024-09-23,Other,0
TXN000543,Retail Store A,AB,103.11,5.16,108.27,2024-12-22,Retail,0
TXN000544,Service Provider C,ON,307.93,40.03,347.96,2024-12-29,Services,0
TXN000545,Clothing F,NS,2.81,0.42,3.23,2024-12-12,Food,0
TXN000546,Electronics E,NB,20.98,3.15,24.13,2024-10-09,Other,0
TXN000547,Grocery Store D,NL,109.12,16.37,125.49,2024-07-26,Food,0
TXN000548,Electronics E,BC,20.98,3.15,24.13,2024-07-21,Other,1
TXN000549,Grocery Store D,ON,85.23,11.08,96.31,2024-12-26,Services,0
TXN000550,Clothing F,NS,26.45,3.97,30.42,2024-10-22,Food,0
TXN000551,Service Provider C,QC,60.58,3.03,63.61,2024-04-10,Services,0
TXN000552,Clothing F,AB,45.29,2.26,47.55,2024-09-27,Services,0
TXN000553,Electronics E,BC,221.7,11.09,232.79,2024-11-08,Retail,0
TXN000554,Service Provider C,QC,74.09,3.7,77.79,2024-08-22,Services,0
TXN000555,Electronics E,MB,81.87,4.09,85.96,2024-02-13,Services,0
TXN000556,Retail Store A,NL,33.31,5.0,38.31,2024-06-05,Services,0
TXN000557,Clothing F,NB,30.41,4.56,34.97,2024-09-18,Food,0
TXN000558,Electronics E,BC,32.49,1.62,34.11,2024-08-04,Food,0
TXN000559,Electronics E,NB,87.65,13.15,100.8,2024-09-07,Food,0
TXN000560,Service Provider C,AB,32.94,0.0,32.94,2024-11-13,Retail,1
TXN000561,Grocery Store D,NB,77.3,11.6,88.9,2024-04-09,Other,0
TXN000562,Grocery Store D,AB,658.84,32.94,691.78,2024-07-31,Other,0
TXN000563,Grocery Store D,NB,155.3,23.3,178.6,2024-02-12,Food,0
TXN000564,Service Provider C,ON,36.92,4.8,41.72,2024-05-20,Services,0
TXN000565,Restaurant B,AB,230.78,11.54,242.32,2024-10-16,Other,0
TXN000566,Electronics E,SK,33.46,1.67,35.13,2024-02-27,Services,0
TXN000567,Electronics E,QC,4.73,0.24,4.97,2024-10-04,Retail,0
TXN000568,Clothing F,AB,16.29,0.81,17.1,2024-10-06,Other,0
TXN000569,Retail Store A,NL,5.78,0.87,6.65,2024-06-01,Retail,0
TXN000570,Grocery Store D,PE,35.81,5.37,41.18,2024-06-27,Retail,0
TXN000571,Grocery Store D,NS,55.82,8.37,64.19,2024-05-01,Services,0
TXN000572,Clothing F,MB,408.19,20.41,428.6,2024-11-19,Food,0
TXN000573,Restaurant B,NL,80.83,12.12,92.95,2024-01-31,Services,0
TXN000574,Electronics E,SK,41.98,2.1,44.08,2024-03-27,Services,0
TXN000575,Service Provider C,MB,147.72,7.39,155.11,2024-05-16,Retail,0
TXN000576,Restaurant B,BC,3.84,0.19,4.03,2024-01-31,Food,0
TXN000577,Clothing F,NB,72.44,10.87,83.31,2024-05-07,Services,0
TXN000578,Restaurant B,BC,137.69,6.88,144.57,2024-09-07,Services,0
TXN000579,Clothing F,BC,9.26,0.46,9.72,2024-07-11,Retail,0
TXN000580,Grocery Store D,SK,215.4,10.77,226.17,2024-05-22,Services,0
TXN000581,Grocery Store D,AB,81.96,4.1,86.06,2024-06-16,Retail,0
TXN000582,Clothing F,AB,33.17,1.66,34.83,2024-11-21,Services,0
TXN000583,Retail Store A,SK,116.67,5.83,122.5,2024-07-22,Other,0
TXN000584,Restaurant B,AB,832.83,41.64,874.47,2024-05-17,Services,0
TXN000585,Service Provider C,SK,67.91,3.4,71.31,2024-10-22,Other,0
TXN000586,Service Provider C,ON,73.54,9.56,83.1,2024-01-24,Other,0
TXN000587,Retail Store A,NS,31.46,4.72,36.18,2024-03-21,Retail,0
TXN000588,Grocery Store D,NL,19.69,2.95,22.64,2024-12-18,Services,0
TXN000589,Restaurant B,PE,147.88,22.18,170.06,2024-02-17,Services,0
TXN000590,Retail Store A,QC,19.54,0.98,20.52,2024-12-06,Food,0
TXN000591,Retail Store A,BC,59.49,2.97,62.46,2024-11-16,Food,0
TXN000592,Grocery Store D,NS,30.78,4.62,35.4,2024-12-26,Food,0
TXN000593,Grocery Store D,NS,97.01,14.55,111.56,2024-03-08,Other,0
TXN000594,Retail Store A,ON,81.48,10.59,92.07,2024-12-22,Retail,0
TXN000595,Grocery Store D,NB,189.62,35.32,224.94,2024-09-01,Retail,1
TXN000596,Retail Store A,QC,29.61,1.48,31.09,2024-07-07,Food,0
TXN000597,Grocery Store D,NB,39.49,5.92,45.41,2024-11-24,Food,0
TXN000598,Retail Store A,SK,29.61,1.48,31.09,2024-10-15,Services,1
TXN000599,Clothing F,NL,32.04,4.81,36.85,2024-11-17,Other,0
TXN000600,Electronics E,AB,85.86,4.29,90.15,2024-04-21,Retail,0
TXN000601,Restaurant B,NS,135.42,20.31,155.73,2024-10-28,Services,0
TXN000602,Grocery Store D,QC,18.05,0.9,18.95,2024-03-12,Retail,0
TXN000603,Restaurant B,SK,155.02,7.75,162.77,2024-11-03,Services,0
TXN000604,Clothing F,ON,277.76,36.11,313.87,2024-12-03,Food,0
TXN000605,Electronics E,MB,89.67,4.48,94.15,2024-09-17,Other,0
TXN000606,Service Provider C,ON,519.13,67.49,586.62,2024-05-02,Retail,0
TXN000607,Restaurant B,AB,21.57,1.08,22.65,2024-11-22,Retail,0
TXN000608,Service Provider C,QC,12.26,0.61,12.87,2024-03-08,Other,0
TXN000609,Service Provider C,SK,6.46,0.32,6.78,2024-12-15,Other,0
TXN000610,Retail Store A,ON,328.74,0.0,328.74,2024-10-27,Food,1
TXN000611,Retail Store A,ON,119.73,15.56,135.29,2024-07-22,Other,0
TXN000612,Grocery Store D,BC,51.08,2.55,53.63,2024-02-12,Food,0
TXN000613,Service Provider C,NS,6.46,0.32,6.78,2024-06-07,Services,1
TXN000614,Grocery Store D,MB,14.15,0.71,14.86,2024-11-20,Retail,0
TXN000615,Service Provider C,BC,1027.52,102.75,1130.27,2024-05-02,Retail,1
TXN000616,Retail Store A,MB,119.73,15.56,135.29,2024-11-07,Retail,1
TXN000617,Clothing F,NB,62.26,15.36,77.62,2024-12-25,Services,1
TXN000618,Restaurant B,QC,130.44,6.52,136.96,2024-03-05,Services,0
TXN000619,Clothing F,NS,97.24,14.59,111.83,2024-01-16,Other,0
TXN000620,Service Provider C,SK,71.43,3.57,75.0,2024-02-02,Retail,0
TXN000621,Grocery Store D,AB,21.15,1.06,22.21,2024-09-18,Other,0
TXN000622,Electronics E,NB,96.14,14.42,110.56,2024-07-07,Retail,0
TXN000623,Electronics E,NS,522.4,78.36,600.76,2024-04-26,Retail,0
TXN000624,Retail Store A,ON,274.38,0.0,274.38,2024-05-05,Other,1
TXN000625,Restaurant B,NB,369.38,55.41,424.79,2024-01-19,Other,0
TXN000626,Restaurant B,QC,29.56,1.48,31.04,2024-05-07,Services,0
TXN000627,Service Provider C,NS,16.65,2.5,19.15,2024-10-19,Retail,0
TXN000628,Restaurant B,NL,46.95,7.04,53.99,2024-09-21,Other,0
TXN000629,Retail Store A,AB,58.37,2.92,61.29,2024-05-24,Services,0
TXN000630,Service Provider C,NS,202.96,30.44,233.4,2024-10-10,Services,0
TXN000631,Restaurant B,PE,7.16,1.07,8.23,2024-10-15,Food,0
TXN000632,Grocery Store D,QC,342.22,17.11,359.33,2024-10-29,Food,0
TXN000633,Clothing F,SK,45.17,2.26,47.43,2024-05-05,Other,0
TXN000634,Retail Store A,NL,32.71,4.91,37.62,2024-10-04,Retail,0
TXN000635,Service Provider C,ON,16.21,2.11,18.32,2024-12-02,Services,0
TXN000636,Retail Store A,NL,7.49,1.12,8.61,2024-09-28,Other,0
TXN000637,Grocery Store D,ON,146.61,19.06,165.67,2024-03-13,Retail,0
TXN000638,Retail Store A,NL,59.62,8.94,68.56,2024-09-23,Services,0
TXN000639,Grocery Store D,NS,11.61,1.74,13.35,2024-10-24,Food,0
TXN000640,Clothing F,BC,11.54,0.58,12.12,2024-02-08,Retail,0
TXN000641,Grocery Store D,NB,36.49,5.47,41.96,2024-05-01,Services,0
TXN000642,Grocery Store D,QC,404.57,20.23,424.8,2024-06-11,Food,0
TXN000643,Retail Store A,NL,39.98,6.0,45.98,2024-03-10,Retail,0
TXN000644,Restaurant B,NS,8.99,1.35,10.34,2024-03-25,Services,0
TXN000645,Grocery Store D,NS,40.65,6.1,46.75,2024-10-01,Food,0
TXN000646,Grocery Store D,PE,39.36,5.9,45.26,2024-08-25,Retail,0
TXN000647,Retail Store A,NB,2.15,0.32,2.47,2024-12-17,Retail,0
TXN000648,Restaurant B,QC,51.15,2.56,53.71,2024-03-16,Food,0
TXN000649,Service Provider C,BC,41.38,0.0,41.38,2024-09-19,Services,1
TXN000650,Restaurant B,ON,125.89,16.37,142.26,2024-07-26,Food,0
TXN000651,Retail Store A,AB,502.07,25.1,527.17,2024-02-22,Food,0
TXN000652,Retail Store A,ON,211.0,27.43,238.43,2024-02-01,Food,0
TXN000653,Restaurant B,NL,39.54,5.93,45.47,2024-07-24,Retail,0
TXN000654,Electronics E,MB,14.47,0.72,15.19,2024-05-12,Retail,0
TXN000655,Retail Store A,NS,1197.55,179.63,1377.18,2024-04-11,Other,0
TXN000656,Restaurant B,NS,58.62,8.79,67.41,2024-06-18,Other,0
TXN000657,Retail Store A,NB,55.52,8.33,63.85,2024-10-20,Other,0
TXN000658,Grocery Store D,ON,53.04,6.9,59.94,2024-07-14,Food,0
TXN000659,Service Provider C,NL,69.25,10.39,79.64,2024-04-05,Other,0
TXN000660,Restaurant B,ON,45.91,5.97,51.88,2024-11-10,Food,0
TXN000661,Clothing F,PE,27.43,4.11,31.54,2024-09-12,Other,0
TXN000662,Retail Store A,NS,28.33,4.25,32.58,2024-05-23,Other,0
TXN000663,Restaurant B,SK,52.49,2.62,55.11,2024-05-07,Retail,0
TXN000664,Grocery Store D,QC,28.44,1.42,29.86,2024-09-02,Other,0
TXN000665,Service Provider C,MB,23.21,1.16,24.37,2024-09-14,Services,0
TXN000666,Restaurant B,ON,62.04,8.07,70.11,2024-06-12,Retail,0
TXN000667,Service Provider C,ON,40.21,5.23,45.44,2024-08-29,Food,0
TXN000668,Restaurant B,NS,331.89,49.78,381.67,2024-05-06,Services,0
TXN000669,Electronics E,ON,2.27,0.3,2.57,2024-04-22,Other,0
TXN000670,Service Provider C,NB,202.31,30.35,232.66,2024-03-31,Services,0
TXN000671,Clothing F,QC,243.55,0.0,243.55,2024-10-29,Food,1
TXN000672,Electronics E,NL,4.54,0.68,5.22,2024-09-09,Food,0
TXN000673,Restaurant B,ON,331.89,49.78,381.67,2024-02-16,Other,1
TXN000674,Retail Store A,QC,34.96,1.75,36.71,2024-11-10,Food,0
TXN000675,Retail Store A,NB,34.96,1.75,36.71,2024-06-14,Food,1
TXN000676,Retail Store A,SK,21.47,1.07,22.54,2024-07-05,Services,0
TXN000677,Clothing F,BC,14.4,0.72,15.12,2024-10-27,Services,0
TXN000678,Service Provider C,NB,447.07,67.06,514.13,2024-03-21,Other,0
TXN000679,Clothing F,AB,167.81,8.39,176.2,2024-11-28,Services,0
TXN000680,Restaurant B,MB,251.1,12.55,263.65,2024-03-30,Services,0
TXN000681,Restaurant B,NB,129.8,19.47,149.27,2024-01-01,Other,0
TXN000682,Electronics E,ON,14.09,1.83,15.92,2024-04-03,Food,0
TXN000683,Clothing F,MB,29.1,1.46,30.56,2024-02-23,Food,0
TXN000684,Service Provider C,NS,98.22,14.73,112.95,2024-05-01,Services,0
TXN000685,Restaurant B,NS,12.6,1.89,14.49,2024-12-28,Services,0
TXN000686,Grocery Store D,ON,128.46,16.7,145.16,2024-05-15,Retail,0
TXN000687,Service Provider C,PE,40.92,6.14,47.06,2024-02-25,Retail,0
TXN000688,Grocery Store D,AB,34.82,1.74,36.56,2024-08-02,Other,0
TXN000689,Grocery Store D,BC,128.14,6.41,134.55,2024-06-28,Retail,0
TXN000690,Grocery Store D,MB,93.05,4.65,97.7,2024-11-29,Food,0
TXN000691,Restaurant B,AB,35.4,1.77,37.17,2024-02-07,Retail,0
TXN000692,Service Provider C,ON,219.47,28.53,248.0,2024-06-12,Retail,0
TXN000693,Retail Store A,QC,14.92,0.75,15.67,2024-03-28,Food,0
TXN000694,Clothing F,NS,114.33,17.15,131.48,2024-10-07,Retail,0
TXN000695,Service Provider C,MB,111.24,5.56,116.8,2024-11-10,Retail,0
TXN000696,Grocery Store D,NB,37.66,5.65,43.31,2024-11-06,Food,0
TXN000697,Retail Store A,NS,80.75,12.11,92.86,2024-06-18,Food,0
TXN000698,Grocery Store D,SK,12.17,0.61,12.78,2024-10-03,Services,0
TXN000699,Service Provider C,NL,165.48,31.57,197.05,2024-02-19,Services,1
TXN000700,Retail Store A,BC,43.73,2.19,45.92,2024-02-14,Other,0
TXN000701,Restaurant B,NS,29.16,4.37,33.53,2024-01-14,Services,0
TXN000702,Retail Store A,AB,192.25,9.61,201.86,2024-02-29,Other,0
TXN000703,Grocery Store D,AB,23.45,1.17,24.62,2024-12-04,Other,0
TXN000704,Restaurant B,QC,10.07,0.5,10.57,2024-07-14,Other,0
TXN000705,Retail Store A,PE,8.43,1.26,9.69,2024-08-13,Food,0
TXN000706,Service Provider C,MB,112.98,5.65,118.63,2024-02-01,Retail,0
TXN000707,Retail Store A,QC,11.75,0.59,12.34,2024-10-04,Food,0
TXN000708,Electronics E,ON,448.43,58.3,506.73,2024-07-17,Other,0
TXN000709,Electronics E,AB,4.49,0.22,4.71,2024-10-20,Other,0
TXN000710,Service Provider C,NS,418.11,62.72,480.83,2024-07-21,Retail,0
TXN000711,Electronics E,MB,70.33,3.52,73.85,2024-09-21,Food,0
TXN000712,Retail Store A,AB,48.62,2.43,51.05,2024-03-29,Food,0
TXN000713,Restaurant B,NL,28.39,2.84,31.23,2024-03-05,Food,1
TXN000714,Clothing F,NB,88.14,13.22,101.36,2024-10-31,Retail,0
TXN000715,Retail Store A,BC,52.19,2.61,54.8,2024-10-11,Services,0
TXN000716,Service Provider C,SK,205.2,10.26,215.46,2024-08-22,Retail,0
TXN000717,Clothing F,MB,62.62,3.13,65.75,2024-10-27,Other,0
TXN000718,Retail Store A,BC,65.39,3.27,68.66,2024-03-17,Retail,0
TXN000719,Retail Store A,MB,35.29,1.76,37.05,2024-02-21,Services,0
TXN000720,Grocery Store D,PE,50.99,7.65,58.64,2024-07-15,Other,0
TXN000721,Retail Store A,NB,78.99,11.85,90.84,2024-05-21,Other,0
TXN000722,Retail Store A,BC,7.01,0.35,7.36,2024-06-18,Retail,0
TXN000723,Clothing F,AB,10.83,0.54,11.37,2024-05-17,Retail,0
TXN000724,Service Provider C,PE,133.21,19.98,153.19,2024-06-08,Other,0
TXN000725,Clothing F,NS,67.02,10.05,77.07,2024-04-26,Other,0
TXN000726,Service Provider C,PE,43.78,6.57,50.35,2024-08-01,Retail,0
TXN000727,Restaurant B,AB,55.82,2.79,58.61,2024-04-18,Other,0
TXN000728,Clothing F,AB,82.86,4.14,87.0,2024-09-21,Retail,0
TXN000729,Electronics E,NB,28.57,4.29,32.86,2024-02-03,Other,0
TXN000730,Service Provider C,SK,43.78,6.57,50.35,2024-10-18,Retail,1
TXN000731,Restaurant B,ON,69.06,0.0,69.06,2024-08-21,Food,1
TXN000732,Service Provider C,QC,16.88,0.84,17.72,2024-08-25,Retail,0
TXN000733,Clothing F,ON,89.11,11.58,100.69,2024-05-03,Other,0
TXN000734,Restaurant B,AB,7.08,0.35,7.43,2024-10-27,Services,0
TXN000735,Restaurant B,PE,187.73,28.16,215.89,2024-12-18,Retail,0
TXN000736,Grocery Store D,ON,96.27,12.52,108.79,2024-03-24,Food,0
TXN000737,Restaurant B,NL,74.23,11.13,85.36,2024-12-12,Other,0
TXN000738,Restaurant B,ON,7.08,0.35,7.43,2024-12-15,Retail,1
TXN000739,Restaurant B,PE,402.85,60.43,463.28,2024-11-07,Services,0
TXN000740,Clothing F,PE,184.43,27.66,212.09,2024-08-04,Services,0
TXN000741,Grocery Store D,PE,6.0,0.9,6.9,2024-04-21,Other,0
TXN000742,Electronics E,NS,11.76,1.76,13.52,2024-01-04,Services,0
TXN000743,Electronics E,MB,25.8,1.29,27.09,2024-11-07,Retail,0
TXN000744,Grocery Store D,NS,56.33,8.45,64.78,2024-06-21,Services,0
TXN000745,Service Provider C,PE,101.61,15.24,116.85,2024-12-01,Services,0
TXN000746,Restaurant B,NB,22.85,3.43,26.28,2024-09-21,Retail,0
TXN000747,Electronics E,BC,68.31,3.42,71.73,2024-12-04,Food,0
TXN000748,Clothing F,ON,22.06,2.87,24.93,2024-12-01,Services,0
TXN000749,Service Provider C,BC,26.21,1.31,27.52,2024-07-26,Retail,0
TXN000750,Electronics E,MB,10.09,0.5,10.59,2024-04-07,Food,0
TXN000751,Clothing F,SK,18.03,0.9,18.93,2024-11-22,Services,0
TXN000752,Electronics E,PE,10.78,1.62,12.4,2024-03-28,Food,0
TXN000753,Service Provider C,NS,16.93,2.54,19.47,2024-08-29,Services,0
TXN000754,Clothing F,SK,193.32,9.67,202.99,2024-04-03,Services,0
TXN000755,Clothing F,NS,17.47,2.62,20.09,2024-04-23,Services,0
TXN000756,Grocery Store D,QC,1285.44,64.27,1349.71,2024-07-09,Services,0
TXN000757,Grocery Store D,NS,98.69,9.87,108.56,2024-08-28,Food,1
TXN000758,Electronics E,NS,68.16,10.22,78.38,2024-12-14,Services,0
TXN000759,Grocery Store D,ON,19.49,2.53,22.02,2024-03-18,Food,0
TXN000760,Service Provider C,BC,126.52,6.33,132.85,2024-10-18,Other,0
TXN000761,Restaurant B,QC,27.36,1.37,28.73,2024-04-02,Other,0
TXN000762,Service Provider C,NB,63.21,9.48,72.69,2024-06-09,Retail,0
TXN000763,Grocery Store D,PE,1178.62,176.79,1355.41,2024-04-17,Food,0
TXN000764,Electronics E,NB,48.65,7.3,55.95,2024-09-07,Retail,0
TXN000765,Restaurant B,MB,216.83,10.84,227.67,2024-08-10,Other,0
TXN000766,Grocery Store D,AB,1178.62,176.79,1355.41,2024-07-15,Retail,1
TXN000767,Service Provider C,SK,52.35,1.57,53.92,2024-04-07,Food,1
TXN000768,Clothing F,QC,457.13,22.86,479.99,2024-06-08,Other,0
TXN000769,Electronics E,MB,25.73,1.29,27.02,2024-06-05,Retail,0
TXN000770,Service Provider C,PE,480.55,72.08,552.63,2024-08-21,Services,0
TXN000771,Grocery Store D,NB,127.65,19.15,146.8,2024-06-24,Other,0
TXN000772,Service Provider C,NL,27.8,4.17,31.97,2024-03-25,Other,0
TXN000773,Retail Store A,NL,116.62,17.49,134.11,2024-04-24,Food,0
TXN000774,Restaurant B,ON,175.4,22.8,198.2,2024-10-28,Retail,0
TXN000775,Service Provider C,ON,115.14,14.97,130.11,2024-07-11,Services,0
TXN000776,Electronics E,MB,8.3,0.41,8.71,2024-01-25,Retail,0
TXN000777,Clothing F,NS,22.82,3.42,26.24,2024-11-30,Retail,0
TXN000778,Clothing F,NS,40.57,6.09,46.66,2024-08-01,Retail,0
TXN000779,Electronics E,PE,49.93,7.49,57.42,2024-08-30,Food,0
TXN000780,Clothing F,ON,114.99,14.95,129.94,2024-06-03,Retail,0
TXN000781,Clothing F,SK,67.58,3.38,70.96,2024-05-18,Food,0
TXN000782,Grocery Store D,NS,11.0,1.65,12.65,2024-09-18,Retail,0
TXN000783,Service Provider C,NS,86.16,12.92,99.08,2024-02-24,Food,0
TXN000784,Service Provider C,SK,113.6,5.68,119.28,2024-04-13,Other,0
TXN000785,Service Provider C,NB,106.88,16.03,122.91,2024-01-21,Food,0
TXN000786,Clothing F,AB,199.72,9.99,209.71,2024-06-18,Retail,0
TXN000787,Clothing F,NS,148.52,22.28,170.8,2024-02-26,Other,0
TXN000788,Restaurant B,NS,94.73,7.58,102.31,2024-09-18,Food,1
TXN000789,Grocery Store D,PE,50.19,7.53,57.72,2024-05-15,Retail,0
TXN000790,Restaurant B,ON,7.44,0.97,8.41,2024-05-28,Services,0
TXN000791,Grocery Store D,NS,91.43,13.71,105.14,2024-02-18,Retail,0
TXN000792,Retail Store A,NB,70.05,10.51,80.56,2024-12-05,Services,0
TXN000793,Service Provider C,AB,75.63,3.78,79.41,2024-11-14,Retail,0
TXN000794,Service Provider C,QC,11.8,0.59,12.39,2024-04-03,Other,0
TXN000795,Grocery Store D,PE,14.92,2.24,17.16,2024-07-16,Other,0
TXN000796,Grocery Store D,NB,193.21,28.98,222.19,2024-02-27,Retail,0
TXN000797,Restaurant B,NS,52.07,7.81,59.88,2024-08-01,Other,0
TXN000798,Electronics E,AB,123.69,6.18,129.87,2024-04-02,Services,0
TXN000799,Electronics E,ON,56.49,7.34,63.83,2024-12-16,Food,0
TXN000800,Grocery Store D,AB,56.58,2.83,59.41,2024-02-27,Other,0
TXN000801,Retail Store A,NS,168.33,25.25,193.58,2024-05-13,Retail,0
TXN000802,Clothing F,SK,29.39,1.47,30.86,2024-10-22,Food,0
TXN000803,Clothing F,QC,61.27,3.06,64.33,2024-09-22,Retail,0
TXN000804,Grocery Store D,NL,31.35,4.7,36.05,2024-09-03,Other,0
TXN000805,Grocery Store D,SK,31.35,4.7,36.05,2024-11-09,Other,1
TXN000806,Grocery Store D,NB,37.67,5.65,43.32,2024-02-08,Services,0
TXN000807,Grocery Store D,QC,37.67,5.65,43.32,2024-05-22,Other,1
TXN000808,Grocery Store D,NL,30.74,4.61,35.35,2024-02-10,Other,0
TXN000809,Retail Store A,AB,246.39,12.32,258.71,2024-08-16,Other,0
TXN000810,Clothing F,ON,18.66,2.43,21.09,2024-02-22,Retail,0
TXN000811,Electronics E,SK,43.63,2.18,45.81,2024-01-01,Services,0
TXN000812,Electronics E,SK,32.21,1.61,33.82,2024-04-15,Other,0
TXN000813,Service Provider C,QC,309.94,15.5,325.44,2024-01-28,Other,0
TXN000814,Service Provider C,SK,69.12,3.46,72.58,2024-11-13,Services,0
TXN000815,Clothing F,AB,188.33,9.42,197.75,2024-02-28,Food,0
TXN000816,Retail Store A,QC,9.18,0.46,9.64,2024-06-30,Services,0
TXN000817,Electronics E,SK,75.22,3.76,78.98,2024-07-10,Retail,0
TXN000818,Restaurant B,AB,158.79,7.94,166.73,2024-03-12,Other,0
TXN000819,Retail Store A,PE,60.26,9.04,69.3,2024-11-08,Retail,0
TXN000820,Grocery Store D,NL,196.09,29.41,225.5,2024-08-22,Food,0
TXN000821,Clothing F,QC,29.35,1.47,30.82,2024-02-25,Retail,0
TXN000822,Clothing F,MB,296.25,14.81,311.06,2024-03-04,Other,0
TXN000823,Grocery Store D,MB,861.5,43.08,904.58,2024-09-15,Other,0
TXN000824,Retail Store A,SK,35.33,1.77,37.1,2024-01-25,Other,0
TXN000825,Electronics E,AB,31.99,1.6,33.59,2024-09-17,Food,0
TXN000826,Clothing F,MB,312.33,15.62,327.95,2024-03-29,Food,0
TXN000827,Retail Store A,BC,363.39,18.17,381.56,2024-12-02,Services,0
TXN000828,Electronics E,BC,29.15,1.46,30.61,2024-08-02,Food,0
TXN000829,Service Provider C,BC,32.98,1.65,34.63,2024-06-24,Other,0
TXN000830,Restaurant B,NB,38.93,5.84,44.77,2024-07-30,Services,0
TXN000831,Clothing F,SK,10.88,0.54,11.42,2024-06-09,Food,0
TXN000832,Restaurant B,NL,18.13,2.72,20.85,2024-11-15,Services,0
TXN000833,Clothing F,NB,16.36,2.45,18.81,2024-12-29,Food,0
TXN000834,Electronics E,SK,21.73,1.09,22.82,2024-12-21,Retail,0
TXN000835,Service Provider C,SK,52.37,2.62,54.99,2024-09-02,Other,0
TXN000836,Clothing F,SK,72.32,3.62,75.94,2024-05-26,Other,0
TXN000837,Restaurant B,SK,18.13,2.72,20.85,2024-02-24,Retail,1
TXN000838,Restaurant B,PE,16.48,2.47,18.95,2024-03-23,Services,0
TXN000839,Restaurant B,ON,177.89,23.13,201.02,2024-12-19,Food,0
TXN000840,Electronics E,ON,42.23,5.49,47.72,2024-07-02,Retail,0
TXN000841,Electronics E,SK,51.45,2.57,54.02,2024-04-24,Other,0
TXN000842,Restaurant B,SK,122.71,6.14,128.85,2024-12-22,Retail,0
TXN000843,Grocery Store D,BC,14.19,0.71,14.9,2024-08-01,Services,0
TXN000844,Electronics E,ON,86.39,11.23,97.62,2024-01-07,Food,0
TXN000845,Electronics E,AB,66.67,3.33,70.0,2024-04-25,Services,0
TXN000846,Electronics E,SK,98.59,4.93,103.52,2024-11-04,Food,0
TXN000847,Service Provider C,AB,77.25,3.86,81.11,2024-03-31,Retail,0
TXN000848,Restaurant B,NB,1039.36,155.9,1195.26,2024-09-20,Retail,0
TXN000849,Grocery Store D,PE,25.4,3.81,29.21,2024-10-11,Food,0
TXN000850,Electronics E,PE,28.87,4.33,33.2,2024-01-03,Food,0
TXN000851,Retail Store A,NB,25.85,3.88,29.73,2024-06-14,Services,0
TXN000852,Grocery Store D,MB,28.03,1.4,29.43,2024-10-08,Services,0
TXN000853,Electronics E,NL,25.41,3.81,29.22,2024-04-04,Food,0
TXN000854,Grocery Store D,SK,227.42,11.37,238.79,2024-10-01,Services,0
TXN000855,Restaurant B,NL,300.25,45.04,345.29,2024-12-05,Services,0
TXN000856,Service Provider C,NL,27.53,4.13,31.66,2024-11-12,Retail,0
TXN000857,Retail Store A,QC,20.11,1.01,21.12,2024-08-16,Food,0
TXN000858,Retail Store A,QC,96.13,4.81,100.94,2024-07-14,Retail,0
TXN000859,Grocery Store D,PE,28.14,4.22,32.36,2024-10-03,Retail,0
TXN000860,Electronics E,QC,116.69,5.83,122.52,2024-09-20,Other,0
TXN000861,Grocery Store D,ON,69.65,9.05,78.7,2024-05-31,Food,0
TXN000862,Service Provider C,SK,8.86,0.44,9.3,2024-02-12,Food,0
TXN000863,Electronics E,SK,349.68,17.48,367.16,2024-01-04,Food,0
TXN000864,Clothing F,NL,471.09,70.66,541.75,2024-12-16,Retail,0
TXN000865,Restaurant B,SK,26.17,1.31,27.48,2024-12-25,Other,0
TXN000866,Clothing F,NS,34.29,5.14,39.43,2024-12-17,Other,0
TXN000867,Clothing F,QC,76.94,3.85,80.79,2024-01-20,Retail,0
TXN000868,Restaurant B,PE,26.17,1.31,27.48,2024-10-12,Other,1
TXN000869,Grocery Store D,AB,120.33,6.02,126.35,2024-11-18,Services,0
TXN000870,Retail Store A,BC,609.26,30.46,639.72,2024-12-10,Retail,0
TXN000871,Clothing F,MB,44.15,2.21,46.36,2024-02-02,Retail,0
TXN000872,Clothing F,NS,20.95,3.14,24.09,2024-07-02,Retail,0
TXN000873,Service Provider C,PE,10.43,1.56,11.99,2024-11-06,Other,0
TXN000874,Service Provider C,BC,10.43,1.56,11.99,2024-12-04,Food,1
TXN000875,Restaurant B,BC,52.47,2.62,55.09,2024-10-06,Food,0
TXN000876,Service Provider C,QC,470.35,23.52,493.87,2024-01-06,Food,0
TXN000877,Retail Store A,ON,29.34,3.81,33.15,2024-01-03,Other,0
TXN000878,Electronics E,SK,71.42,3.57,74.99,2024-02-13,Services,0
TXN000879,Restaurant B,BC,53.53,2.68,56.21,2024-11-26,Food,0
TXN000880,Restaurant B,NB,227.25,34.09,261.34,2024-04-23,Services,0
TXN000881,Restaurant B,NS,1132.65,169.9,1302.55,2024-04-02,Retail,0
TXN000882,Electronics E,AB,28.87,1.44,30.31,2024-11-26,Services,0
TXN000883,Clothing F,NS,30.35,4.55,34.9,2024-05-08,Other,0
TXN000884,Service Provider C,QC,191.14,9.56,200.7,2024-03-06,Food,0
TXN000885,Electronics E,PE,28.87,1.44,30.31,2024-11-13,Other,1
TXN000886,Grocery Store D,QC,500.72,25.04,525.76,2024-11-11,Food,0
TXN000887,Electronics E,MB,110.03,5.5,115.53,2024-07-05,Other,0
TXN000888,Restaurant B,ON,35.48,4.61,40.09,2024-06-09,Food,0
TXN000889,Clothing F,BC,110.92,5.55,116.47,2024-05-21,Food,0
TXN000890,Clothing F,QC,206.53,10.33,216.86,2024-09-02,Services,0
TXN000891,Service Provider C,AB,146.14,7.31,153.45,2024-10-09,Retail,0
TXN000892,Service Provider C,NB,100.36,15.05,115.41,2024-10-02,Retail,0
TXN000893,Clothing F,NS,196.37,29.46,225.83,2024-01-10,Retail,0
TXN000894,Electronics E,MB,222.11,11.11,233.22,2024-07-26,Food,0
TXN000895,Retail Store A,SK,286.74,14.34,301.08,2024-05-13,Other,0
TXN000896,Clothing F,NB,118.92,17.84,136.76,2024-07-06,Services,0
TXN000897,Restaurant B,AB,44.68,2.23,46.91,2024-09-13,Other,0
TXN000898,Service Provider C,SK,65.11,3.26,68.37,2024-01-06,Food,0
TXN000899,Electronics E,NB,232.25,34.84,267.09,2024-08-16,Food,0
TXN000900,Clothing F,AB,20.48,4.02,24.5,2024-07-02,Services,1
TXN000901,Service Provider C,NL,84.98,12.75,97.73,2024-01-22,Services,0
TXN000902,Grocery Store D,AB,34.06,1.7,35.76,2024-08-20,Retail,0
TXN000903,Clothing F,QC,56.51,2.83,59.34,2024-02-22,Services,0
TXN000904,Clothing F,PE,253.19,37.98,291.17,2024-10-23,Food,0
TXN000905,Grocery Store D,BC,68.67,3.43,72.1,2024-07-06,Retail,0
TXN000906,Electronics E,PE,57.73,8.66,66.39,2024-07-11,Food,0
TXN000907,Electronics E,BC,10.68,0.53,11.21,2024-06-29,Services,0
TXN000908,Electronics E,AB,57.73,8.66,66.39,2024-11-05,Food,1
TXN000909,Restaurant B,NS,118.46,17.77,136.23,2024-09-20,Food,0
TXN000910,Restaurant B,NB,732.09,109.81,841.9,2024-03-21,Retail,0
TXN000911,Clothing F,NL,37.74,5.66,43.4,2024-07-31,Retail,0
TXN000912,Grocery Store D,AB,71.02,3.55,74.57,2024-09-02,Food,0
TXN000913,Clothing F,BC,73.65,3.68,77.33,2024-01-12,Food,0
TXN000914,Electronics E,MB,362.47,18.12,380.59,2024-03-23,Retail,0
TXN000915,Electronics E,NB,48.7,7.3,56.0,2024-01-29,Food,0
TXN000916,Electronics E,BC,76.31,3.82,80.13,2024-11-02,Retail,0
TXN000917,Clothing F,PE,113.24,16.99,130.23,2024-02-13,Other,0
TXN000918,Grocery Store D,NB,68.3,10.24,78.54,2024-04-22,Food,0
TXN000919,Electronics E,NB,31.95,4.79,36.74,2024-11-15,Services,0
TXN000920,Restaurant B,QC,68.92,3.45,72.37,2024-08-20,Retail,0
TXN000921,Restaurant B,BC,198.02,9.9,207.92,2024-07-16,Retail,0
TXN000922,Restaurant B,SK,15.93,0.8,16.73,2024-09-15,Food,0
TXN000923,Electronics E,NS,64.04,9.61,73.65,2024-03-31,Retail,0
TXN000924,Electronics E,SK,23.57,1.18,24.75,2024-03-01,Food,0
TXN000925,Electronics E,SK,229.08,11.45,240.53,2024-01-01,Other,0
TXN000926,Electronics E,BC,8.78,0.44,9.22,2024-07-08,Other,0
TXN000927,Restaurant B,AB,27.92,1.4,29.32,2024-07-14,Retail,0
TXN000928,Grocery Store D,NB,85.85,12.88,98.73,2024-05-10,Food,0
TXN000929,Retail Store A,PE,357.32,53.6,410.92,2024-11-02,Other,0
TXN000930,Service Provider C,NL,50.46,7.57,58.03,2024-01-03,Retail,0
TXN000931,Electronics E,SK,28.04,1.4,29.44,2024-03-01,Other,0
TXN000932,Clothing F,NL,521.85,78.28,600.13,2024-12-18,Other,0
TXN000933,Service Provider C,NS,9.61,1.44,11.05,2024-03-20,Services,0
TXN000934,Service Provider C,SK,3.9,0.2,4.1,2024-08-04,Services,0
TXN000935,Clothing F,BC,92.57,4.63,97.2,2024-04-14,Other,0
TXN000936,Restaurant B,QC,29.89,1.49,31.38,2024-10-13,Services,0
TXN000937,Service Provider C,MB,16.03,0.8,16.83,2024-06-25,Other,0
TXN000938,Clothing F,NB,127.74,19.16,146.9,2024-12-03,Food,0
TXN000939,Grocery Store D,NB,73.15,10.97,84.12,2024-02-21,Other,0
TXN000940,Service Provider C,SK,27.75,1.39,29.14,2024-11-10,Retail,0
TXN000941,Restaurant B,BC,11.75,0.35,12.1,2024-11-21,Other,1
TXN000942,Grocery Store D,BC,73.15,10.97,84.12,2024-02-15,Retail,1
TXN000943,Electronics E,ON,119.13,15.49,134.62,2024-07-15,Other,0
TXN000944,Electronics E,SK,48.47,2.42,50.89,2024-05-26,Retail,0
TXN000945,Restaurant B,AB,500.68,0.0,500.68,2024-08-12,Food,1
TXN000946,Retail Store A,MB,15.12,0.76,15.88,2024-09-18,Food,0
TXN000947,Grocery Store D,NB,73.15,10.97,84.12,2024-12-11,Food,1
TXN000948,Retail Store A,PE,23.8,3.57,27.37,2024-07-23,Other,0
TXN000949,Grocery Store D,MB,51.69,2.58,54.27,2024-04-12,Retail,0
TXN000950,Retail Store A,SK,73.11,3.66,76.77,2024-05-25,Services,0
TXN000951,Service Provider C,PE,40.87,6.13,47.0,2024-04-25,Food,0
TXN000952,Retail Store A,BC,73.11,3.66,76.77,2024-10-21,Retail,1
TXN000953,Electronics E,NS,12.16,1.82,13.98,2024-09-14,Retail,0
TXN000954,Electronics E,PE,308.75,46.31,355.06,2024-10-02,Services,0
TXN000955,Clothing F,AB,49.47,2.47,51.94,2024-07-12,Food,0
TXN000956,Service Provider C,AB,208.67,10.43,219.1,2024-12-14,Retail,0
TXN000957,Electronics E,NS,12.16,1.82,13.98,2024-05-12,Services,1
TXN000958,Grocery Store D,QC,94.45,4.72,99.17,2024-09-21,Services,0
TXN000959,Restaurant B,PE,108.17,16.23,124.4,2024-02-17,Services,0
TXN000960,Retail Store A,SK,93.43,4.67,98.1,2024-04-01,Services,0
TXN000961,Restaurant B,MB,118.07,5.9,123.97,2024-05-17,Food,0
TXN000962,Grocery Store D,NL,269.07,40.36,309.43,2024-04-30,Services,0
TXN000963,Restaurant B,NL,69.12,10.37,79.49,2024-04-13,Services,0
TXN000964,Restaurant B,NS,127.84,19.18,147.02,2024-03-02,Other,0
TXN000965,Electronics E,ON,49.02,6.37,55.39,2024-10-04,Other,0
TXN000966,Service Provider C,MB,307.4,15.37,322.77,2024-06-10,Services,0
TXN000967,Grocery Store D,NB,24.25,3.64,27.89,2024-09-18,Food,0
TXN000968,Electronics E,NB,473.96,71.09,545.05,2024-01-28,Other,0
TXN000969,Grocery Store D,SK,52.03,2.6,54.63,2024-01-17,Other,0
TXN000970,Clothing F,NB,9.81,1.47,11.28,2024-08-22,Other,0
TXN000971,Service Provider C,ON,63.67,8.28,71.95,2024-01-07,Other,0
TXN000972,Electronics E,NS,24.11,3.62,27.73,2024-06-15,Services,0
TXN000973,Restaurant B,SK,149.72,7.49,157.21,2024-05-14,Other,0
TXN000974,Electronics E,QC,24.95,1.25,26.2,2024-07-06,Other,0
TXN000975,Restaurant B,BC,31.96,1.6,33.56,2024-12-24,Services,0
TXN000976,Grocery Store D,PE,5.66,0.85,6.51,2024-08-18,Food,0
TXN000977,Electronics E,NL,31.73,4.76,36.49,2024-02-21,Food,0
TXN000978,Electronics E,BC,2.98,0.15,3.13,2024-07-14,Food,0
TXN000979,Grocery Store D,ON,8.16,1.06,9.22,2024-03-31,Food,0
TXN000980,Clothing F,SK,135.98,6.8,142.78,2024-09-30,Other,0
TXN000981,Service Provider C,PE,140.18,21.03,161.21,2024-10-14,Retail,0
TXN000982,Grocery Store D,NS,90.97,13.65,104.62,2024-12-19,Food,0
TXN000983,Service Provider C,AB,17.11,0.86,17.97,2024-11-18,Services,0
TXN000984,Service Provider C,QC,51.56,2.58,54.14,2024-07-03,Services,0
TXN000985,Service Provider C,ON,54.36,7.07,61.43,2024-07-29,Food,0
TXN000986,Electronics E,MB,13.6,0.68,14.28,2024-11-28,Food,0
TXN000987,Service Provider C,QC,331.65,16.58,348.23,2024-06-15,Other,0
TXN000988,Clothing F,AB,156.47,7.82,164.29,2024-02-10,Services,0
TXN000989,Grocery Store D,NB,41.88,6.28,48.16,2024-03-26,Services,0
TXN000990,Grocery Store D,MB,56.39,2.82,59.21,2024-10-19,Retail,0
TXN000991,Retail Store A,NB,70.11,10.52,80.63,2024-06-24,Services,0
TXN000992,Clothing F,PE,4.71,0.71,5.42,2024-12-29,Other,0
TXN000993,Service Provider C,AB,40.58,2.03,42.61,2024-07-04,Other,0
TXN000994,Grocery Store D,NB,24.09,3.61,27.7,2024-04-04,Food,0
TXN000995,Clothing F,NL,16.41,2.46,18.87,2024-12-04,Retail,0
TXN000996,Restaurant B,NB,38.97,5.85,44.82,2024-07-22,Retail,0
TXN000997,Grocery Store D,SK,472.12,102.3,574.42,2024-01-28,Retail,1
TXN000998,Retail Store A,PE,117.8,17.67,135.47,2024-11-12,Other,0
TXN000999,Service Provider C,NL,27.51,4.13,31.64,2024-05-06,Other,0
TXN001000,Clothing F,NB,108.54,16.28,124.82,2024-03-08,Food,0
